2014-08-11,9106.669922,9199,9089.30957,9180.740234
2014-08-12,9166.919922,9171.94043,9050,9069.469727
2014-08-13,9133.839844,9213.610352,9118.150391,9198.879883
2014-08-14,9161.80957,9265.919922,9149.410156,9225.099609
2014-08-15,9239,9324.570312,9067.580078,9092.599609
2014-08-18,9220.990234,9261.650391,9195.110352,9245.330078
2014-08-19,9276.19043,9350.269531,9276.179688,9334.280273
2014-08-20,9329.889648,9333.679688,9247.839844,9314.570312
2014-08-21,9328.709961,9405.929688,9278.860352,9401.530273
2014-08-22,9390.290039,9414.389648,9291.929688,9339.169922
2014-08-25,9456.669922,9510.139648,9424.110352,9510.139648
2014-08-26,9481.55957,9591.719727,9446.370117,9588.150391
2014-08-27,9583.980469,9600.849609,9546.549805,9569.709961
2014-08-28,9545.209961,9546.80957,9417.160156,9462.55957
2014-08-29,9483.419922,9517.950195,9369.400391,9470.169922
2014-09-01,9484.530273,9500.200195,9424.780273,9479.030273
2014-09-02,9525.150391,9578.5,9485.240234,9507.019531
2014-09-03,9541.019531,9683.099609,9528.719727,9626.490234
2014-09-04,9591.429688,9732.780273,9539.919922,9724.259766
2014-09-05,9714.240234,9774.650391,9691.44043,9747.019531
2014-09-08,9767.900391,9773.700195,9721.709961,9758.030273
2014-09-09,9737.55957,9769.209961,9695.44043,9710.700195
2014-09-10,9672.450195,9723.080078,9635.5,9700.169922
2014-09-11,9729.889648,9732.830078,9630.669922,9691.280273
2014-09-12,9706.589844,9706.589844,9617.700195,9651.129883
2014-09-15,9603.969727,9682.459961,9600.150391,9659.629883
2014-09-16,9644.280273,9644.879883,9588.650391,9632.929688
2014-09-17,9672.980469,9695.44043,9649.990234,9661.5
2014-09-18,9703.099609,9798.129883,9686.429688,9798.129883
2014-09-19,9849.429688,9891.200195,9799.240234,9799.259766
2014-09-22,9748.530273,9812.769531,9735.69043,9749.540039
2014-09-23,9713.400391,9719.660156,9589.030273,9595.030273
2014-09-24,9598.769531,9669.450195,9534.769531,9661.969727
2014-09-25,9644.360352,9718.110352,9482.540039,9510.009766
2014-09-26,9500.549805,9545.339844,9454.879883,9490.549805
2014-09-29,9495.580078,9504.980469,9369.620117,9422.910156
2014-09-30,9446.80957,9495,9404.889648,9474.299805
2014-10-01,9454.040039,9520.969727,9357.549805,9382.030273
2014-10-02,9363.280273,9412.620117,9195.679688,9195.679688
2014-10-06,9341.049805,9343.650391,9185.860352,9209.509766
2014-10-07,9164.769531,9170.240234,9080.349609,9086.209961
2014-10-08,9027.900391,9064.879883,8960.429688,8995.330078
2014-10-09,9082.660156,9140.290039,8975.05957,9005.019531
2014-10-10,8924.580078,8958.660156,8788.209961,8788.80957
2014-10-13,8703.849609,8872.400391,8699.599609,8812.429688
2014-10-14,8765.360352,8854.389648,8701.44043,8825.209961
2014-10-15,8838.679688,8847.849609,8555.730469,8571.950195
2014-10-16,8623.280273,8662.860352,8354.969727,8582.900391
2014-10-17,8629.160156,8850.269531,8588.419922,8850.269531
2014-10-20,8819.259766,8834.730469,8682.589844,8717.759766
2014-10-21,8693.05957,8889.780273,8644.709961,8886.959961
2014-10-22,8934.540039,8957.160156,8861.44043,8940.139648
2014-10-23,8873.540039,9068.120117,8820.889648,9047.30957
2014-10-24,9008.599609,9044.849609,8955.589844,8987.799805
2014-10-27,9080.799805,9085.639648,8837.660156,8902.610352
2014-10-28,8983.05957,9077.889648,8968.589844,9068.19043
2014-10-29,9139,9157.629883,9072.639648,9082.80957
2014-10-30,9091.129883,9146.950195,8899.900391,9114.839844
2014-10-31,9283.400391,9339.330078,9217,9326.870117
2014-11-03,9305.730469,9343.639648,9236.179688,9251.700195
2014-11-04,9244.089844,9317.919922,9148.780273,9166.469727
2014-11-05,9238.070312,9329.070312,9226.339844,9315.480469
2014-11-06,9284.969727,9467.360352,9268.629883,9377.410156
2014-11-07,9406.160156,9414.320312,9239.110352,9291.830078
2014-11-10,9233.870117,9351.870117,9222.570312,9351.870117
2014-11-11,9374.360352,9400.900391,9324.769531,9369.030273
2014-11-12,9339.679688,9359.370117,9189.629883,9210.959961
2014-11-13,9260.530273,9311,9170.280273,9248.509766
2014-11-14,9272.360352,9284.129883,9184.459961,9252.94043
2014-11-17,9162.269531,9331.320312,9161.599609,9306.349609
2014-11-18,9323.75,9461.530273,9323.519531,9456.530273
2014-11-19,9462.049805,9521.730469,9439.160156,9472.799805
2014-11-20,9460.400391,9487.69043,9382.230469,9483.969727
2014-11-21,9521.240234,9736.139648,9508.169922,9732.549805
2014-11-24,9722.30957,9832.410156,9711.769531,9785.540039
2014-11-25,9790.030273,9921.459961,9787.259766,9861.209961
2014-11-26,9894.599609,9942.669922,9868.349609,9915.55957
2014-11-27,9934.780273,9992.669922,9920.860352,9974.870117
2014-11-28,9990.700195,9990.700195,9902.400391,9980.849609
2014-12-01,9915.740234,9979.080078,9906.419922,9963.509766
2014-12-02,9983.790039,10038.20996,9910.209961,9934.080078
2014-12-03,9978.889648,9993.849609,9930.530273,9971.790039
2014-12-04,9998.849609,10083.74023,9835.419922,9851.349609
2014-12-05,9931.959961,10093.03027,9929.469727,10087.12012
2014-12-08,10060.91016,10084.9502,10014.99023,10014.99023
2014-12-09,9904.580078,9951.660156,9786.379883,9793.709961
2014-12-10,9859.780273,9909.389648,9775.389648,9799.730469
2014-12-11,9770.660156,9907.820312,9763.410156,9862.530273
2014-12-12,9794.200195,9799.650391,9586.219727,9594.730469
2014-12-15,9599.820312,9678.259766,9330.990234,9334.009766
2014-12-16,9366.55957,9567.089844,9219.049805,9563.889648
2014-12-17,9455.740234,9589.25,9429.400391,9544.429688
2014-12-18,9711.610352,9811.05957,9671.179688,9811.05957
2014-12-19,9901.259766,9901.259766,9688.660156,9786.959961
2014-12-22,9827.259766,9924.009766,9826.549805,9865.759766
2014-12-23,9887.240234,9922.110352,9848.05957,9922.110352
2014-12-29,9914.870117,9927.849609,9775.450195,9927.129883
2014-12-30,9883.099609,9886.780273,9805.549805,9805.549805
2015-01-02,9869.129883,9879.530273,9687.259766,9764.730469
2015-01-05,9735.650391,9790.269531,9468.580078,9473.160156
2015-01-06,9484.25,9624.650391,9382.820312,9469.660156
2015-01-07,9510.339844,9592.370117,9459.179688,9518.179688
2015-01-08,9643.769531,9855.429688,9607.900391,9837.610352
2015-01-09,9813.990234,9860.179688,9601.75,9648.5
2015-01-12,9697.459961,9815.959961,9622.320312,9781.900391
2015-01-13,9759.570312,9978.94043,9755.019531,9941
2015-01-14,9810.700195,9962.980469,9768.099609,9817.080078
2015-01-15,9933.450195,10063.17969,9637.330078,10032.61035
2015-01-16,9985.509766,10207.96973,9940.639648,10167.76953
2015-01-19,10231.58008,10293.04004,10191.98047,10242.34961
2015-01-20,10278.54981,10298.41992,10211.38965,10257.12988
2015-01-21,10270.33008,10311.90039,10149.76953,10299.23047
2015-01-22,10300.25977,10454.04981,10228.53027,10435.62012
2015-01-23,10503.33008,10704.32031,10502.84961,10649.58008
2015-01-26,10592.96973,10807.57031,10589.07031,10798.33008
2015-01-27,10785.90039,10810.57031,10592.45996,10628.58008
2015-01-28,10719.40039,10728.83008,10552.75977,10710.96973
2015-01-29,10666.42969,10743.57031,10607.71973,10737.87012
2015-01-30,10801.37988,10804.04004,10642.58984,10694.32031
2015-02-02,10719.17969,10828.00977,10677.38965,10828.00977
2015-02-03,10867.61035,10984.69043,10860.03027,10890.9502
2015-02-04,10892.5,10912.24023,10803.09961,10911.32031
2015-02-05,10840.79004,10926.73047,10822.75,10905.41016
2015-02-06,10866.2002,10877.66992,10802.88965,10846.38965
2015-02-09,10765.20996,10767.21973,10614.12012,10663.50977
2015-02-10,10675.58984,10797.45996,10594.32031,10753.83008
2015-02-11,10765,10791.58984,10696.78027,10752.11035
2015-02-12,10746.91016,10955.4502,10746.91016,10919.65039
2015-02-13,10952.38965,11013.84961,10948.49023,10963.40039
2015-02-16,10946.87988,10963.49023,10909.49023,10923.23047
2015-02-17,10847.73047,10921.25977,10765.01953,10895.62012
2015-02-18,10931.71973,10980.98047,10909.59961,10961
2015-02-19,10932.49023,11022.25977,10874.96973,11001.94043
2015-02-20,10976.76953,11081.80957,10946.90039,11050.63965
2015-02-23,11150.46973,11158.54981,11069.76953,11130.91992
2015-02-24,11128.16992,11228.37012,11090.73047,11205.74023
2015-02-25,11208.26953,11225.59961,11174.78027,11210.26953
2015-02-26,11206.66016,11330.62988,11187,11327.19043
2015-02-27,11337.11035,11401.66016,11301.33984,11401.66016
2015-03-02,11408.28027,11455.08008,11362.87988,11410.36035
2015-03-03,11424.66992,11465.23047,11280.36035,11280.36035
2015-03-04,11317.24023,11390.37988,11193.29981,11390.37988
2015-03-05,11427.63965,11532.82031,11409.04981,11504.00977
2015-03-06,11513.88965,11600.37012,11495.2002,11550.96973
2015-03-09,11510.34961,11586.94043,11461.86035,11582.11035
2015-03-10,11555.96973,11577.75,11402.66992,11500.37988
2015-03-11,11531.54981,11822.53027,11531.54981,11805.99023
2015-03-12,11795.91016,11830.13965,11754.90039,11799.38965
2015-03-13,11845.90039,11903.33008,11744.92969,11901.61035
2015-03-16,11955.82031,12219.04981,11955.33008,12167.71973
2015-03-17,12163.08008,12195.58008,11930.54004,11980.84961
2015-03-18,12002.24023,12017.91016,11814.48047,11922.76953
2015-03-19,11897.48047,12001.12988,11787.29981,11899.40039
2015-03-20,11942.16016,12087.61035,11926.86035,12039.37012
2015-03-23,11984.79004,11985.11035,11858.09961,11895.83984
2015-03-24,11821.20996,12030.58984,11797.66992,12005.69043
2015-03-25,11995.08984,12022.83984,11858.23047,11865.32031
2015-03-26,11736.33984,11849.38965,11619.71973,11843.67969
2015-03-27,11920.21973,11954.08984,11799.03027,11868.33008
2015-03-30,11927.13965,12090.13965,11922.70996,12086.00977
2015-03-31,12054.2002,12119.70996,11943.12012,11966.16992
2015-04-01,11902.91992,12112.98047,11880.19043,12001.37988
2015-04-02,11991.62012,12020.11035,11948.83008,11967.38965
2015-04-07,12057.33984,12149.30957,12035.7002,12123.51953
2015-04-08,12109.84961,12122.32031,12017.79981,12035.86035
2015-04-09,12099.42969,12166.44043,12047.91016,12166.44043
2015-04-10,12226.98047,12390.75,12214.50977,12374.73047
2015-04-13,12357.26953,12388.12988,12326.70996,12338.73047
2015-04-14,12306.36035,12339.80957,12181.2002,12227.59961
2015-04-15,12220.09961,12326.13965,12214.80957,12231.33984
2015-04-16,12224.75977,12227.58984,11997.75,11998.86035
2015-04-17,11942.36035,12019.75,11674.58984,11688.7002
2015-04-20,11736.40039,11903.7002,11727.01953,11891.91016
2015-04-21,11994.82031,12079.03027,11913.36035,11939.58008
2015-04-22,11984.38965,12041.37988,11787.21973,11867.37012
2015-04-23,11887.13965,11940.20996,11675.58008,11723.58008
2015-04-24,11783.55957,11881.04981,11711.09961,11810.84961
2015-04-27,11881.25,12050.70996,11729.04004,12039.16016
2015-04-28,12035.55957,12047.37988,11743.78027,11811.66016
2015-04-29,11864.40039,11885.04981,11410.54004,11432.71973
2015-04-30,11440.79004,11570.63965,11331.37012,11454.37988
2015-05-04,11506.83984,11656.88965,11411.76953,11619.84961
2015-05-05,11576.12012,11751.21973,11322.62012,11327.67969
2015-05-06,11377.58008,11457.92969,11239.86035,11350.15039
2015-05-07,11265.12988,11437.57031,11167.54981,11407.96973
2015-05-08,11483.07031,11710.41016,11415.29004,11709.73047
2015-05-11,11674.51953,11702.12988,11622.01953,11673.34961
2015-05-12,11557.96973,11565.2002,11377.34961,11472.41016
2015-05-13,11532.96973,11596.46973,11301.62988,11351.45996
2015-05-14,11299.19043,11579.79981,11218.54004,11559.82031
2015-05-15,11593.2002,11632.36035,11383.23047,11447.03027
2015-05-18,11464.79981,11594.95996,11378.86035,11594.28027
2015-05-19,11709.87012,11873.28027,11706.84961,11853.33008
2015-05-20,11858.46973,11871.49023,11780.01953,11848.46973
2015-05-21,11815.42969,11868.7002,11758.80957,11864.58984
2015-05-22,11881.49023,11881.80957,11792.30957,11815.00977
2015-05-26,11841.48047,11920.30957,11586.34961,11625.12988
2015-05-27,11647.04004,11790.34961,11595.12012,11771.12988
2015-05-28,11716.08008,11773.79004,11605.99023,11677.57031
2015-05-29,11685.66016,11704.38965,11403.82031,11413.82031
2015-06-01,11462.96973,11510.92969,11345.09961,11436.04981
2015-06-02,11467.07031,11467.07031,11270.57031,11328.79981
2015-06-03,11359.79981,11515.20996,11300.36035,11419.62012
2015-06-04,11370.57031,11449.7002,11187.42969,11340.59961
2015-06-05,11241.42969,11287.2002,11155.00977,11197.15039
2015-06-08,11131.86035,11224.55957,11059.16016,11064.91992
2015-06-09,11025.08008,11071.61035,10864.67969,11001.29004
2015-06-10,10970.41016,11299.61035,10939.50977,11265.38965
2015-06-11,11242.87012,11452.94043,11236.58008,11332.78027
2015-06-12,11286.55957,11365.91992,11069.36035,11196.49023
2015-06-15,11053.20996,11090.70996,10952.74023,10984.96973
2015-06-16,10910.00977,11074.33984,10797.84961,11044.00977
2015-06-17,11066.75,11115.37988,10947.37012,10978.00977
2015-06-18,10937.66992,11109.75977,10806.15039,11100.29981
2015-06-19,11121.29981,11246.26953,10997.90039,11040.09961
2015-06-22,11138.70996,11470.25,11138.54981,11460.5
2015-06-23,11552.95996,11635.84961,11517.12012,11542.54004
2015-06-24,11566.34961,11589.34961,11364.4502,11471.25977
2015-06-25,11410.62012,11594.24023,11352.40039,11473.12988
2015-06-26,11387.12988,11561.83008,11373.44043,11492.42969
2015-06-29,11404.70996,11409.80957,10964.24023,11083.2002
2015-06-30,11058.04004,11137.13965,10897.96973,10944.96973
2015-07-01,11050.32031,11283.75977,10979.20996,11180.5
2015-07-02,11191.28027,11229.00977,11078.58984,11099.34961
2015-07-03,11082.04004,11123.17969,11005.75977,11058.38965
2015-07-06,10825.05957,10996.4502,10823.54981,10890.62988
2015-07-07,10930.01953,10946.87012,10663.99023,10676.78027
2015-07-08,10710.29004,10802.79981,10652.79004,10747.29981
2015-07-09,10795.11035,11035.04004,10784.46973,10996.41016
2015-07-10,11170.70996,11339.78027,11149.26953,11315.62988
2015-07-13,11489.16992,11506.98047,11421.82031,11484.37988
2015-07-14,11456.54004,11519.36035,11414.38965,11516.90039
2015-07-15,11508.33984,11566.01953,11475.95996,11539.66016
2015-07-16,11624.48047,11787.58008,11607.13965,11716.75977
2015-07-17,11747.46973,11753.17969,11649.94043,11673.41992
2015-07-20,11679.46973,11802.37012,11678.12988,11735.71973
2015-07-21,11760,11773.49023,11583.87988,11604.79981
2015-07-22,11511.19043,11589.63965,11486.30957,11520.66992
2015-07-23,11611.41992,11614.75977,11453.62012,11512.11035
2015-07-24,11467.83008,11542.90039,11334.76953,11347.4502
2015-07-27,11287.76953,11297.5,11052.86035,11056.40039
2015-07-28,11129.91016,11242.42969,11068.30957,11173.91016
2015-07-29,11249.29981,11253.55957,11123.25,11211.84961
2015-07-30,11305.45996,11313.26953,11140.65039,11257.15039
2015-07-31,11271.30957,11308.99023,11173.16992,11308.99023
2015-08-03,11295.5,11460.40039,11248.26953,11443.71973
2015-08-04,11408.23047,11476.90039,11380.80957,11456.07031
2015-08-05,11503.20996,11655.74023,11497.91992,11636.29981
2015-08-06,11605.58984,11669.86035,11574.96973,11585.09961
2015-08-07,11561.37012,11582.90039,11484.84961,11490.83008
2015-08-10,11545.62988,11618.29981,11431.75977,11604.78027
2015-08-11,11548,11561,11278.70996,11293.65039
2015-08-12,11151.71973,11153.63965,10892.87988,10924.61035
2015-08-13,11098.16992,11153.95996,10980.86035,11014.62988
2015-08-14,11010.5,11093.07031,10911.19043,10985.13965
2015-08-17,11044.75,11113.79004,10818.70996,10940.33008
2015-08-18,10916.70996,10976.04004,10883.11035,10915.91992
2015-08-19,10819.84961,10848.83984,10681.36035,10682.15039
2015-08-20,10593.28027,10654.54981,10400.99023,10432.19043
2015-08-21,10228.7002,10437.28027,10124.51953,10124.51953
2015-08-24,9805.719727,9935.530273,9338.200195,9648.429688
2015-08-25,9816.589844,10185.87988,9748.919922,10128.12012
2015-08-26,9956.849609,10159.99023,9853.120117,9997.429688
2015-08-27,10271.33008,10382.9502,10222.04004,10315.62012
2015-08-28,10335.91992,10336.91992,10186.07031,10298.53027
2015-08-31,10200.98047,10273.5,10132.15039,10259.45996
2015-09-01,10073.74023,10119.53027,9928.650391,10015.57031
2015-09-02,10060.30957,10122.26953,9962.25,10048.04981
2015-09-03,10161.36035,10380.36035,10145.73047,10317.83984
2015-09-04,10216.16992,10216.16992,9996.160156,10038.04004
2015-09-07,10148.79981,10184.57031,10055.13965,10108.61035
2015-09-08,10198.59961,10371.90039,10198.4502,10271.36035
2015-09-09,10489.29004,10512.61035,10301.17969,10303.12012
2015-09-10,10216.01953,10326.53027,10157.37012,10210.44043
2015-09-11,10243.40039,10243.40039,10079.03027,10123.55957
2015-09-14,10112.90039,10225.37012,10084.87012,10131.74023
2015-09-15,10154.75977,10244.86035,10070.16016,10188.12988
2015-09-16,10288.38965,10336.2002,10173.95996,10227.20996
2015-09-17,10269.32031,10273.26953,10208.50977,10229.58008
2015-09-18,10177.58008,10180.54981,9861.509766,9916.160156
2015-09-21,9837.129883,10000.62012,9785.110352,9948.509766
2015-09-22,9974.410156,9974.799805,9558.959961,9570.660156
2015-09-23,9578.099609,9712.459961,9492.860352,9612.620117
2015-09-24,9599.910156,9707.69043,9362.280273,9427.639648
2015-09-25,9594.530273,9745.769531,9585.330078,9688.530273
2015-09-28,9633.679688,9677.25,9479.400391,9483.549805
2015-09-29,9346.040039,9536.629883,9325.049805,9450.400391
2015-09-30,9674.610352,9732.540039,9596.950195,9660.44043
2015-10-01,9757.040039,9788.269531,9471.360352,9509.25
2015-10-02,9606.589844,9667.540039,9396.339844,9553.070312
2015-10-05,9691.650391,9854.769531,9647.169922,9814.790039
2015-10-06,9804.419922,9957.919922,9730.410156,9902.830078
2015-10-07,9968.55957,10093.09961,9932.419922,9970.400391
2015-10-08,9942.780273,10027.41992,9911.049805,9993.070312
2015-10-09,10100.78027,10146.87988,10049.38965,10096.59961
2015-10-12,10128.49023,10187.08984,10057.58984,10119.83008
2015-10-13,10106.66992,10107.86035,9939.959961,10032.82031
2015-10-14,9948.490234,10036.23047,9890.459961,9915.849609
2015-10-15,9999.639648,10088.46973,9957.389648,10064.79981
2015-10-16,10128.80957,10166.79004,10058.53027,10104.42969
2015-10-19,10084.61035,10205.03027,10084.61035,10164.30957
2015-10-20,10174.79981,10194.53027,10080.19043,10147.67969
2015-10-21,10185.41992,10277.58984,10107.91992,10238.09961
2015-10-22,10213.00977,10508.25,10194.74023,10491.96973
2015-10-23,10610.33008,10847.46973,10586.95996,10794.54004
2015-10-26,10791.17969,10863.08984,10756.83008,10801.33984
2015-10-27,10761.37012,10807.41016,10692.19043,10692.19043
2015-10-28,10728.16016,10848.41016,10691.62988,10831.95996
2015-10-29,10867.19043,10886.98047,10741.13965,10800.83984
2015-10-30,10842.51953,10850.58008,10748.7002,10850.13965
2015-11-02,10749.98047,10977.17969,10744.37012,10950.66992
2015-11-03,10945.34961,10972.28027,10883.94043,10951.15039
2015-11-04,10957.05957,10990.71973,10825.54981,10845.24023
2015-11-05,10847.5,10963.90039,10784.28027,10887.74023
2015-11-06,10872.98047,11055.4502,10843.48047,10988.03027
2015-11-09,10993.24023,10995.48047,10807.16992,10815.4502
2015-11-10,10846.95996,10863.55957,10728.9502,10832.51953
2015-11-11,10843.67969,10994.54004,10843.67969,10907.87012
2015-11-12,10895.74023,10957.61035,10735.16992,10782.62988
2015-11-13,10764.57031,10811.78027,10607.45996,10708.40039
2015-11-16,10609.13965,10763.65039,10608.83008,10713.23047
2015-11-17,10810.91992,10971.04004,10782.91016,10971.04004
2015-11-18,10901.74023,10989.54981,10877.59961,10959.9502
2015-11-19,11061.87988,11150.74023,11045.53027,11085.44043
2015-11-20,11123.80957,11164.29981,11049.34961,11119.83008
2015-11-23,11105.91992,11126.33984,11049.99023,11092.30957
2015-11-24,11064.78027,11064.95996,10869.2002,10933.99023
2015-11-25,10958.40039,11186.67969,10921.70996,11169.54004
2015-11-26,11180.94043,11366.37012,11176.55957,11320.76953
2015-11-27,11277.91016,11354.00977,11247.13965,11293.75977
2015-11-30,11268.30957,11430.87012,11253.37012,11382.23047
2015-12-01,11422.46973,11430.37988,11235.96973,11261.24023
2015-12-02,11301.50977,11329.79004,11188.03027,11190.01953
2015-12-03,11173.79004,11318.79981,10780.62988,10789.24023
2015-12-04,10770.16016,10814.82031,10632.76953,10752.09961
2015-12-07,10832.41992,10992.54981,10806.51953,10886.08984
2015-12-08,10872.67969,10895.5,10616.24023,10673.59961
2015-12-09,10719.7002,10719.7002,10554.54004,10592.49023
2015-12-10,10547.51953,10662.76953,10500.03027,10598.92969
2015-12-11,10572.86035,10596.03027,10294.25,10340.05957
2015-12-14,10406.70996,10448.65039,10122.9502,10139.33984
2015-12-15,10239.79981,10482.75,10237.48047,10450.37988
2015-12-16,10476.05957,10572.54981,10423.78027,10469.25977
2015-12-17,10685.29981,10829.62012,10656.38965,10738.12012
2015-12-18,10639.98047,10735.84961,10543.04981,10608.19043
2015-12-21,10607.2002,10796.03027,10497.76953,10497.76953
2015-12-22,10598.19043,10623.98047,10400.61035,10488.75
2015-12-23,10623.55957,10743.32031,10595.26953,10727.63965
2015-12-28,10748.37012,10756.16992,10627.45996,10653.91016
2015-12-29,10744.95996,10860.13965,10731.62988,10860.13965
2015-12-30,10855.16992,10857.42969,10743.00977,10743.00977
2016-01-04,10485.80957,10485.91016,10248.58008,10283.44043
2016-01-05,10373.26953,10384.25977,10173.51953,10310.09961
2016-01-06,10288.67969,10288.67969,10094.17969,10214.01953
2016-01-07,10144.16992,10145.46973,9810.469727,9979.849609
2016-01-08,10010.46973,10122.45996,9849.339844,9849.339844
2016-01-11,9814.040039,9978.69043,9813.019531,9825.070312
2016-01-12,9832.820312,10092.66992,9832.820312,9985.429688
2016-01-13,10112.34961,10164.04981,9929.070312,9960.959961
2016-01-14,9836.849609,9884.269531,9614.769531,9794.200195
2016-01-15,9778.360352,9832.919922,9459.089844,9545.269531
2016-01-18,9542.599609,9657.94043,9457.950195,9521.849609
2016-01-19,9722.639648,9756.139648,9626.650391,9664.209961
2016-01-20,9430.129883,9490.450195,9314.570312,9391.639648
2016-01-21,9400.69043,9656.330078,9348.740234,9574.160156
2016-01-22,9762.549805,9837.620117,9704.900391,9764.879883
2016-01-25,9790.44043,9800.490234,9681.700195,9736.150391
2016-01-26,9599.55957,9867.179688,9563.639648,9822.75
2016-01-27,9781.419922,9880.820312,9728.639648,9880.820312
2016-01-28,9826.280273,9905.080078,9594.799805,9639.589844
2016-01-29,9772.580078,9798.379883,9656.360352,9798.110352
2016-02-01,9823.730469,9827.099609,9638.580078,9757.879883
2016-02-02,9721.179688,9729.230469,9536.969727,9581.040039
2016-02-03,9541.530273,9577.200195,9350.980469,9434.820312
2016-02-04,9522.669922,9539.919922,9270.089844,9393.360352
2016-02-05,9375.290039,9469.709961,9250.839844,9286.230469
2016-02-08,9329.870117,9337.519531,8937.980469,8979.360352
2016-02-09,8980.709961,9041.900391,8772.879883,8879.400391
2016-02-10,8937.980469,9128.540039,8875.450195,9017.290039
2016-02-11,8887.889648,8899.570312,8699.290039,8752.870117
2016-02-12,8854.400391,8967.509766,8815.769531,8967.509766
2016-02-15,9163.540039,9249.459961,9134.759766,9206.839844
2016-02-16,9242.75,9269.05957,9079.19043,9135.110352
2016-02-17,9174.280273,9394.620117,9156.139648,9377.209961
2016-02-18,9428.009766,9551.870117,9349.950195,9463.639648
2016-02-19,9420.509766,9474.019531,9319.099609,9388.049805
2016-02-22,9481.370117,9581.450195,9477.69043,9573.589844
2016-02-23,9503.120117,9535.120117,9405.219727,9416.769531
2016-02-24,9396.480469,9415.330078,9125.19043,9167.799805
2016-02-25,9277.019531,9391.30957,9199.089844,9331.480469
2016-02-26,9454.519531,9576.879883,9436.330078,9513.299805
2016-02-29,9424.929688,9498.570312,9332.419922,9495.400391
2016-03-01,9482.660156,9719.019531,9471.089844,9717.160156
2016-03-02,9780.839844,9837.110352,9695.980469,9776.620117
2016-03-03,9807.05957,9808.519531,9709.679688,9751.919922
2016-03-04,9800.860352,9899.110352,9742.759766,9824.169922
2016-03-07,9764.080078,9803.730469,9690,9778.929688
2016-03-08,9688.469727,9785.049805,9617.69043,9692.820312
2016-03-09,9700.160156,9838.950195,9679.19043,9723.089844
2016-03-10,9697.639648,9995.839844,9498.150391,9498.150391
2016-03-11,9672.049805,9833.900391,9642.790039,9831.129883
2016-03-14,9948.209961,10039.61035,9936.05957,9990.259766
2016-03-15,9941.459961,9973.580078,9890.120117,9933.849609
2016-03-16,9971.040039,10021.7002,9917.919922,9983.410156
2016-03-17,10051.69043,10055.29004,9753.040039,9892.200195
2016-03-18,9905.669922,9961.480469,9822.519531,9950.799805
2016-03-21,9893.259766,10095.45996,9863.830078,9948.639648
2016-03-22,9836.280273,9990,9762.570312,9990
2016-03-23,10046.94043,10112.16992,9964.629883,10022.92969
2016-03-24,9974.599609,9977.990234,9845.370117,9851.349609
2016-03-29,9900.879883,9947.030273,9808.480469,9887.94043
2016-03-30,9951.679688,10097.7002,9947.259766,10046.61035
2016-03-31,9997.44043,10021.33984,9947.019531,9965.509766
2016-04-01,9833.259766,9851.30957,9675.5,9794.639648
2016-04-04,9789.769531,9907.049805,9732.820312,9822.080078
2016-04-05,9647.80957,9661.299805,9553.169922,9563.360352
2016-04-06,9582.459961,9635.910156,9505.900391,9624.509766
2016-04-07,9648.549805,9702.179688,9484.75,9530.620117
2016-04-08,9576.400391,9675.030273,9572.570312,9622.259766
2016-04-11,9595.55957,9751.929688,9524.660156,9682.990234
2016-04-12,9716.75,9770.469727,9617.830078,9761.469727
2016-04-13,9901.129883,10026.09961,9893.419922,10026.09961
2016-04-14,10042.28027,10098.44043,10016.16992,10093.65039
2016-04-15,10063.88965,10070.04004,10020.33984,10051.57031
2016-04-18,9933.700195,10147.84961,9920.900391,10120.30957
2016-04-19,10170.17969,10370.79981,10150.66992,10349.58984
2016-04-20,10312.63965,10440.12988,10304.13965,10421.29004
2016-04-21,10456.99023,10474.37988,10341.96973,10435.73047
2016-04-22,10377.21973,10422.86035,10324.83008,10373.49023
2016-04-25,10379.16016,10399.29981,10233.41992,10294.34961
2016-04-26,10359.76953,10385.23047,10213.54981,10259.58984
2016-04-27,10283.09961,10323.25,10220.57031,10299.83008
2016-04-28,10222.11035,10331.92969,10125.51953,10321.15039
2016-04-29,10235.46973,10252.08008,10038.96973,10038.96973
2016-05-02,10091.16992,10153.90039,10066.33984,10123.26953
2016-05-03,10052.54981,10061.9502,9918.429688,9926.769531
2016-05-04,9925.25,9959.419922,9812.730469,9828.25
2016-05-05,9849.700195,9921.370117,9805.549805,9851.860352
2016-05-06,9805.389648,9917.629883,9737,9869.950195
2016-05-09,9929.19043,10068.53027,9878.709961,9980.490234
2016-05-10,10057.53027,10106.92969,9994.580078,10045.44043
2016-05-11,10055.40039,10055.7002,9950.110352,9975.320312
2016-05-12,9899.900391,10078.19043,9838.120117,9862.120117
2016-05-13,9794.830078,9979.929688,9767.94043,9952.900391
2016-05-17,10016.79004,10080.30957,9846.910156,9890.19043
2016-05-18,9828.049805,9946.269531,9811.860352,9943.230469
2016-05-19,9847.639648,9899.860352,9773.719727,9795.889648
2016-05-20,9878.490234,9921.589844,9852.709961,9916.019531
2016-05-23,9891.379883,9971.740234,9811.740234,9842.290039
2016-05-24,9798.94043,10077.65039,9773.799805,10057.30957
2016-05-25,10143.37012,10233.05957,10130.67969,10205.20996
2016-05-26,10213.87012,10286.23047,10207.08984,10272.70996
2016-05-27,10257.91016,10298.75977,10241.98047,10286.30957
2016-05-30,10293.42969,10338.41016,10286.33008,10333.23047
2016-05-31,10356.13965,10365.24023,10243.21973,10262.74023
2016-06-01,10242.78027,10283.82031,10160.24023,10204.44043
2016-06-02,10199.2002,10241.75,10156.86035,10208
2016-06-03,10237.58008,10282.71973,10040.87012,10103.25977
2016-06-06,10105.08984,10148.95996,10092.86035,10121.08008
2016-06-07,10196.16992,10312.53027,10183.19043,10287.67969
2016-06-08,10246.49023,10266.37012,10177.44043,10217.03027
2016-06-09,10184.48047,10187.07031,10050.03027,10088.87012
2016-06-10,10024.69043,10026.49023,9819.120117,9834.620117
2016-06-13,9715.780273,9755.230469,9657.44043,9657.44043
2016-06-14,9595.169922,9620.839844,9507.509766,9519.200195
2016-06-15,9589.469727,9665.209961,9567.150391,9606.709961
2016-06-16,9480.429688,9582.379883,9432.870117,9550.469727
2016-06-17,9620.919922,9705.290039,9578.150391,9631.360352
2016-06-20,9850.589844,9996.55957,9850.589844,9962.019531
2016-06-21,9943.839844,10051.07031,9930.099609,10015.54004
2016-06-22,10084.74023,10149.80957,10043.67969,10071.05957
2016-06-23,10122.46973,10340.83984,10104.91992,10257.03027
2016-06-24,9237.620117,9720.120117,9226.150391,9557.160156
2016-06-27,9516.919922,9589.280273,9214.099609,9268.660156
2016-06-28,9458.379883,9554.410156,9419.379883,9447.280273
2016-06-29,9557.69043,9640.389648,9506.290039,9612.269531
2016-06-30,9566.070312,9695.589844,9513.519531,9680.089844
2016-07-01,9742.839844,9806.469727,9657.629883,9776.120117
2016-07-04,9797.660156,9808.990234,9701.150391,9709.089844
2016-07-05,9656.049805,9659.410156,9506.839844,9532.610352
2016-07-06,9449.570312,9530.589844,9304.009766,9373.259766
2016-07-07,9437.469727,9507.910156,9399.69043,9418.780273
2016-07-08,9392.200195,9655.919922,9389.049805,9629.660156
2016-07-11,9744.799805,9841.860352,9690.179688,9833.410156
2016-07-12,9850.400391,10013.49023,9841.110352,9964.070312
2016-07-13,9941.990234,10001.87012,9919.410156,9930.709961
2016-07-14,10058.49023,10109.86035,9984.549805,10068.29981
2016-07-15,10031.17969,10098.75,9987.049805,10066.90039
2016-07-18,10079.03027,10160.29981,10011.83984,10063.12988
2016-07-19,10038.9502,10050.76953,9923.639648,9981.240234
2016-07-20,10054.54004,10146.70996,9991.650391,10142.00977
2016-07-21,10195.40039,10195.65039,10090.12012,10156.20996
2016-07-22,10130.50977,10181.24023,10073.28027,10147.45996
2016-07-25,10155.2002,10264.05957,10125.21973,10198.24023
2016-07-26,10199.66016,10275.41016,10150,10247.75977
2016-07-27,10314.42969,10352.32031,10298.40039,10319.54981
2016-07-28,10309.91992,10381.90039,10264.38965,10274.92969
2016-07-29,10320.82031,10355.30957,10287.32031,10337.5
2016-08-01,10426.36035,10459.33984,10277.37012,10330.51953
2016-08-02,10328.87012,10330.63965,10128.98047,10144.33984
2016-08-03,10150.12988,10189.15039,10092.53027,10170.20996
2016-08-04,10237.08008,10282.16992,10182.40039,10227.86035
2016-08-05,10242.87988,10374.33008,10216.63965,10367.20996
2016-08-08,10407.5,10478.75,10403.46973,10432.36035
2016-08-09,10438.59961,10701.33008,10433.79004,10692.90039
